Time,Slow,Average,Fast
1.0,0.504,0.504,0.504
1.5,0.50308063959,0.50080283356,0.49415694053
2.0,0.50216295303,0.49762587293,0.48450519683
2.5,0.50124693729,0.49446899135,0.47504108569
3.0,0.50033258933,0.49133206287,0.4657609935
3.5,0.49941990614,0.4882149623,0.45666137491
4.0,0.49850888468,0.48511756524,0.44773875163
4.5,0.49759952196,0.48203974804,0.43898971119
5.0,0.49669181495,0.47898138783,0.43041090575
5.5,0.49578576066,0.47594236248,0.42199905092
6.0,0.49488135609,0.47292255064,0.41375092462
6.5,0.49397859824,0.4699218317,0.40566336588
7.0,0.49307748413,0.46694008579,0.3977332738
7.5,0.49217801077,0.46397719379,0.38995760639
8.0,0.4912801752,0.46103303732,0.3823333795
8.5,0.49038397443,0.45810749872,0.37485766576
9.0,0.48948940551,0.45520046107,0.36752759356
9.5,0.48859646546,0.45231180816,0.36034034596
10.0,0.48770515135,0.44944142453,0.35329315974
10.5,0.48681546022,0.4465891954,0.34638332436
11.0,0.48592738911,0.44375500673,0.33960818104
11.5,0.48504093511,0.44093874515,0.33296512174
12.0,0.48415609526,0.43814029804,0.32645158824
12.5,0.48327286664,0.43535955345,0.32006507124
13.0,0.48239124634,0.43259640012,0.31380310942
13.5,0.48151123142,0.42985072749,0.30766328855
14.0,0.48063281899,0.42712242569,0.30164324063
14.5,0.47975600612,0.42441138552,0.295740643
15.0,0.47888078992,0.42171749847,0.28995321752
15.5,0.4780071675,0.41904065668,0.28427872972
16.0,0.47713513595,0.416380753,0.27871498799
16.5,0.4762646924,0.41373768091,0.27325984276
17.0,0.47539583396,0.41111133456,0.26791118575
17.5,0.47452855775,0.40850160877,0.26266694917
18.0,0.47366286091,0.40590839899,0.25752510493
18.5,0.47279874057,0.40333160135,0.25248366396
19.0,0.47193619386,0.40077111259,0.24754067542
19.5,0.47107521794,0.39822683012,0.24269422601
20.0,0.47021580995,0.39569865197,0.23794243924
20.5,0.46935796705,0.39318647682,0.23328347476
21.0,0.46850168639,0.39069020397,0.22871552765
21.5,0.46764696515,0.38820973335,0.22423682779
22.0,0.46679380049,0.3857449655,0.21984563915
22.5,0.46594218959,0.38329580159,0.21554025919
23.0,0.46509212962,0.38086214341,0.2113190182
23.5,0.46424361778,0.37844389334,0.2071802787
24.0,0.46339665125,0.3760409544,0.20312243478
24.5,0.46255122722,0.37365323018,0.19914391159
25.0,0.46170734291,0.3712806249,0.19524316463
25.5,0.46086499552,0.36892304334,0.1914186793
26.0,0.46002418224,0.36658039091,0.18766897024
26.5,0.45918490032,0.3642525736,0.18399258079
27.0,0.45834714695,0.36193949795,0.1803880825
27.5,0.45751091937,0.35964107114,0.1768540745
28.0,0.45667621481,0.35735720089,0.17338918307
28.5,0.4558430305,0.35508779549,0.16999206105
29.0,0.45501136369,0.35283276383,0.16666138736
29.5,0.45418121162,0.35059201535,0.16339586651
30.0,0.45335257154,0.34836546006,0.16019422811
30.5,0.45252544071,0.34615300852,0.15705522635
31.0,0.45169981638,0.34395457187,0.15397763961
31.5,0.45087569583,0.34177006177,0.15096026991
32.0,0.45005307632,0.33959939047,0.14800194252
32.5,0.44923195513,0.33744247075,0.14510150548
33.0,0.44841232954,0.33529921591,0.14225782919
33.5,0.44759419683,0.33316953984,0.13946980594
34.0,0.44677755429,0.33105335692,0.13673634955
34.5,0.44596239923,0.3289505821,0.1340563949
35.0,0.44514872893,0.32686113083,0.13142889756
35.5,0.44433654071,0.32478491912,0.12885283339
36.0,0.44352583186,0.32272186348,0.12632719811
36.5,0.44271659972,0.32067188096,0.123851007
37.0,0.44190884159,0.3186348891,0.12142329442
37.5,0.44110255481,0.31661080598,0.11904311354
38.0,0.44029773669,0.31459955018,0.11670953591
38.5,0.43949438457,0.31260104081,0.11442165116
39.0,0.4386924958,0.31061519744,0.11217856658
39.5,0.43789206771,0.3086419402,0.10997940685
40.0,0.43709309765,0.30668118966,0.10782331369
40.5,0.43629558298,0.30473286694,0.10570944549
41.0,0.43549952106,0.30279689363,0.10363697703
41.5,0.43470490924,0.30087319179,0.10160509916
42.0,0.43391174489,0.29896168399,0.099613018459
42.5,0.43312002538,0.29706229329,0.097659956977
43.0,0.4323297481,0.29517494323,0.095745151899
43.5,0.43154091042,0.2932995578,0.093867855269
44.0,0.43075350973,0.29143606149,0.092027333699
44.5,0.42996754342,0.28958437927,0.09022286809
45.0,0.42918300889,0.28774443655,0.088453753353
45.5,0.42839990353,0.28591615924,0.086719298137
46.0,0.42761822475,0.28409947369,0.085018824569
46.5,0.42683796996,0.28229430672,0.083351667985
47.0,0.42605913657,0.28050058561,0.08171717668
47.5,0.42528172201,0.27871823808,0.080114711657
48.0,0.4245057237,0.27694719233,0.078543646377
48.5,0.42373113906,0.27518737698,0.077003366521
49.0,0.42295796553,0.27343872112,0.075493269752
49.5,0.42218620054,0.27170115427,0.074012765482
50.0,0.42141584154,0.2699746064,0.072561274647
50.5,0.42064688598,0.26825900791,0.071138229478
51.0,0.4198793313,0.26655428965,0.069743073289
51.5,0.41911317496,0.26486038289,0.068375260255
52.0,0.41834841443,0.26317721932,0.067034255208
52.5,0.41758504716,0.2615047311,0.065719533424
53.0,0.41682307063,0.25984285077,0.064430580423
53.5,0.41606248231,0.25819151131,0.063166891771
54.0,0.41530327968,0.25655064614,0.061927972884
54.5,0.41454546023,0.25492018905,0.060713338834
55.0,0.41378902143,0.2533000743,0.059522514166
55.5,0.41303396079,0.25169023652,0.05835503271
56.0,0.4122802758,0.25009061077,0.057210437405
56.5,0.41152796397,0.24850113251,0.056088280115
57.0,0.41077702279,0.24692173761,0.054988121462
57.5,0.41002744978,0.24535236235,0.053909530653
58.0,0.40927924246,0.24379294338,0.052852085312
58.5,0.40853239834,0.24224341779,0.051815371318
59.0,0.40778691494,0.24070372302,0.050798982642
59.5,0.4070427898,0.23917379694,0.049802521195
60.0,0.40630002045,0.23765357778,0.048825596665
60.5,0.40555860443,0.23614300419,0.047867826374
61.0,0.40481853927,0.23464201518,0.046928835122
61.5,0.40407982253,0.23315055014,0.046008255048
62.0,0.40334245175,0.23166854886,0.045105725481
62.5,0.4026064245,0.2301959515,0.044220892805
63.0,0.40187173832,0.22873269859,0.043353410318
63.5,0.40113839078,0.22727873105,0.0425029381
64.0,0.40040637946,0.22583399014,0.041669142878
64.5,0.39967570192,0.22439841751,0.040851697899
65.0,0.39894635575,0.22297195519,0.040050282799
65.5,0.39821833851,0.22155454554,0.039264583486
66.0,0.3974916478,0.22014613132,0.038494292008
66.5,0.39676628122,0.21874665561,0.03773910644
67.0,0.39604223634,0.21735606189,0.036998730767
67.5,0.39531951078,0.21597429395,0.036272874761
68.0,0.39459810213,0.21460129597,0.035561253878
68.5,0.39387800801,0.21323701246,0.03486358914
69.0,0.39315922602,0.2118813883,0.03417960703
69.5,0.39244175378,0.21053436868,0.033509039383
70.0,0.39172558892,0.20919589918,0.032851623284
70.5,0.39101072905,0.20786592568,0.032207100963
71.0,0.3902971718,0.20654439443,0.031575219697
71.5,0.38958491481,0.20523125201,0.030955731709
72.0,0.38887395572,0.20392644532,0.030348394075
72.5,0.38816429217,0.20262992163,0.029752968624
73.0,0.3874559218,0.20134162849,0.02916922185
73.5,0.38674884227,0.20006151383,0.028596924818
74.0,0.38604305122,0.19878952588,0.028035853076
74.5,0.38533854633,0.1975256132,0.027485786568
75.0,0.38463532524,0.19626972469,0.026946509546
75.5,0.38393338563,0.19502180953,0.026417810488
76.0,0.38323272518,0.19378181727,0.025899482013
76.5,0.38253334155,0.19254969774,0.025391320802
77.0,0.38183523242,0.19132540112,0.02489312752
77.5,0.38113839548,0.19010887786,0.024404706733
78.0,0.38044282843,0.18890007876,0.023925866838
78.5,0.37974852894,0.18769895491,0.023456419984
79.0,0.37905549472,0.18650545772,0.022996181998
79.5,0.37836372347,0.1853195389,0.022544972318
80.0,0.37767321289,0.18414115045,0.022102613917
80.5,0.3769839607,0.18297024469,0.021668933237
81.0,0.3762959646,0.18180677425,0.021243760119
81.5,0.37560922231,0.18065069203,0.02082692774
82.0,0.37492373156,0.17950195125,0.020418272544
82.5,0.37423949007,0.1783605054,0.020017634179
83.0,0.37355649556,0.1772263083,0.019624855436
83.5,0.37287474578,0.17609931402,0.019239782188
84.0,0.37219423847,0.17497947695,0.018862263324
84.5,0.37151497135,0.17386675175,0.018492150698
85.0,0.37083694219,0.17276109338,0.018129299065
85.5,0.37016014872,0.17166245706,0.017773566027
86.0,0.36948458871,0.17057079833,0.017424811978
86.5,0.36881025992,0.16948607297,0.017082900045
87.0,0.3681371601,0.16840823706,0.01674769604
87.5,0.36746528701,0.16733724696,0.016419068405
88.0,0.36679463844,0.16627305929,0.016096888158
88.5,0.36612521216,0.16521563096,0.015781028849
89.0,0.36545700594,0.16416491914,0.015471366502
89.5,0.36479001757,0.16312088127,0.015167779574
90.0,0.36412424483,0.16208347507,0.014870148905
90.5,0.36345968552,0.16105265851,0.014578357669
91.0,0.36279633743,0.16002838984,0.014292291329
91.5,0.36213419835,0.15901062756,0.014011837598
92.0,0.36147326609,0.15799933044,0.013736886384
92.5,0.36081353846,0.15699445752,0.013467329759
93.0,0.36015501326,0.15599596807,0.013203061907
93.5,0.35949768832,0.15500382164,0.012943979087
94.0,0.35884156145,0.15401797804,0.012689979594
94.5,0.35818663046,0.15303839731,0.012440963715
95.0,0.3575328932,0.15206503975,0.012196833692
95.5,0.35688034748,0.15109786593,0.011957493685
96.0,0.35622899114,0.15013683665,0.011722849732
96.5,0.35557882203,0.14918191295,0.011492809714
97.0,0.35492983797,0.14823305614,0.011267283317
97.5,0.35428203683,0.14729022775,0.011046182
98.0,0.35363541644,0.14635338958,0.010829418955
98.5,0.35298997466,0.14542250364,0.010616909079
99.0,0.35234570935,0.1444975322,0.010408568937
99.5,0.35170261837,0.14357843776,0.010204316729
100.0,0.35106069958,0.14266518306,0.010004072261
100.5,0.35041995086,0.14175773108,0.0098077569099
101.0,0.34978037007,0.14085604503,0.0096152935947
101.5,0.3491419551,0.13996008835,0.0094266067464
102.0,0.34850470382,0.1390698247,0.009241622278
102.5,0.34786861412,0.13818521799,0.0090602675551
103.0,0.34723368389,0.13730623235,0.0088824713679
103.5,0.34659991102,0.13643283214,0.0087081639031
104.0,0.3459672934,0.13556498193,0.0085372767165
104.5,0.34533582893,0.13470264653,0.0083697427065
105.0,0.34470551553,0.13384579097,0.0082054960871
105.5,0.34407635108,0.13299438049,0.0080444723629
106.0,0.34344833352,0.13214838056,0.0078866083032
106.5,0.34282146074,0.13130775687,0.0077318419175
107.0,0.34219573068,0.13047247531,0.0075801124313
107.5,0.34157114124,0.12964250201,0.0074313602619
108.0,0.34094769037,0.1288178033,0.0072855269953
108.5,0.34032537598,0.12799834571,0.0071425553633
109.0,0.33970419601,0.12718409602,0.0070023892209
109.5,0.33908414841,0.12637502117,0.0068649735244
110.0,0.3384652311,0.12557108835,0.0067302543097
110.5,0.33784744204,0.12477226494,0.0065981786713
111.0,0.33723077917,0.12397851852,0.0064686947413
111.5,0.33661524045,0.12318981689,0.0063417516693
112.0,0.33600082382,0.12240612805,0.0062172996024
112.5,0.33538752726,0.12162742019,0.0060952896655
113.0,0.33477534873,0.12085366171,0.0059756739423
113.5,0.33416428618,0.12008482122,0.0058584054564
114.0,0.3335543376,0.1193208675,0.0057434381529
114.5,0.33294550096,0.11856176956,0.0056307268804
115.0,0.33233777423,0.11780749659,0.005520227373
115.5,0.33173115539,0.11705801797,0.0054118962334
116.0,0.33112564244,0.11631330327,0.0053056909155
116.5,0.33052123336,0.11557332229,0.0052015697079
117.0,0.32991792614,0.11483804496,0.0050994917174
117.5,0.32931571878,0.11410744146,0.004999416853
118.0,0.32871460928,0.11338148212,0.0049013058104
118.5,0.32811459564,0.11266013747,0.004805120056
119.0,0.32751567588,0.11194337822,0.0047108218124
119.5,0.32691784799,0.11123117527,0.0046183740434
120.0,0.32632111,0.11052349972,0.004527740439
120.5,0.32572545993,0.10982032283,0.004438885402
121.0,0.32513089578,0.10912161604,0.0043517740333
121.5,0.3245374156,0.10842735099,0.0042663721185
122.0,0.32394501741,0.10773749949,0.0041826461144
122.5,0.32335369923,0.10705203352,0.0041005631361
123.0,0.32276345912,0.10637092525,0.0040200909436
123.5,0.32217429509,0.10569414702,0.0039411979295
124.0,0.32158620521,0.10502167135,0.0038638531067
124.5,0.32099918751,0.10435347093,0.0037880260958
125.0,0.32041324005,0.10368951862,0.0037136871136
125.5,0.31982836088,0.10302978745,0.0036408069611
126.0,0.31924454805,0.10237425063,0.0035693570122
126.5,0.31866179963,0.10172288153,0.0034993092026
127.0,0.31808011367,0.1010756537,0.0034306360185
127.5,0.31749948826,0.10043254085,0.0033633104857
128.0,0.31691992145,0.099793516853,0.0032973061597
128.5,0.31634141133,0.099158555754,0.0032325971146
129.0,0.31576395597,0.098527631759,0.003169157933
129.5,0.31518755345,0.097900719237,0.0031069636966
130.0,0.31461220186,0.097277792722,0.0030459899756
130.5,0.31403789928,0.096658826905,0.0029862128199
131.0,0.31346464382,0.096043796642,0.002927608749
131.5,0.31289243356,0.095432676944,0.0028701547434
132.0,0.31232126659,0.094825442983,0.002813828235
132.5,0.31175114104,0.094222070087,0.0027586070986
133.0,0.31118205499,0.093622533739,0.0027044696433
133.5,0.31061400657,0.09302680958,0.0026513946035
134.0,0.31004699387,0.092434873404,0.0025993611311
134.5,0.30948101503,0.091846701157,0.002548348787
135.0,0.30891606815,0.091262268939,0.002498337533
135.5,0.30835215136,0.090681553001,0.0024493077243
136.0,0.30778926278,0.090104529743,0.0024012401015
136.5,0.30722740056,0.089531175717,0.0023541157829
137.0,0.30666656281,0.088961467621,0.0023079162576
137.5,0.30610674768,0.088395382302,0.0022626233777
138.0,0.3055479533,0.087832896754,0.0022182193515
138.5,0.30499017782,0.087273988115,0.0021746867364
139.0,0.30443341938,0.086718633669,0.002132008432
139.5,0.30387767614,0.086166810844,0.0020901676735
140.0,0.30332294624,0.08561849721,0.0020491480251
140.5,0.30276922785,0.085073670482,0.0020089333734
141.0,0.30221651912,0.084532308511,0.0019695079212
141.5,0.30166481822,0.083994389293,0.0019308561813
142.0,0.30111412331,0.083459890961,0.0018929629705
142.5,0.30056443257,0.082928791788,0.0018558134035
143.0,0.30001574416,0.082401070183,0.0018193928868
143.5,0.29946805626,0.081876704693,0.0017836871137
144.0,0.29892136705,0.081355674,0.0017486820579
144.5,0.29837567473,0.080837956922,0.0017143639685
145.0,0.29783097746,0.080323532412,0.0016807193644
145.5,0.29728727344,0.079812379554,0.0016477350291
146.0,0.29674456087,0.079304477566,0.0016153980052
146.5,0.29620283794,0.078799805797,0.0015836955899
147.0,0.29566210284,0.078298343728,0.0015526153294
147.5,0.29512235379,0.077800070969,0.0015221450144
148.0,0.29458358899,0.07730496726,0.0014922726753
148.5,0.29404580665,0.076813012469,0.001462986577
149.0,0.29350900497,0.076324186591,0.0014342752152
149.5,0.29297318218,0.07583846975,0.0014061273108
150.0,0.2924383365,0.075355842192,0.0013785318065
150.5,0.29190446614,0.074876284292,0.0013514778618
151.0,0.29137156933,0.074399776548,0.0013249548488
151.5,0.29083964431,0.073926299581,0.0012989523484
152.0,0.29030868929,0.073455834135,0.0012734601457
152.5,0.28977870253,0.072988361079,0.0012484682265
153.0,0.28924968225,0.072523861398,0.0012239667729
153.5,0.28872162669,0.072062316202,0.0011999461599
154.0,0.28819453411,0.071603706718,0.001176396951
154.5,0.28766840275,0.071148014294,0.0011533098954
155.0,0.28714323085,0.070695220395,0.0011306759233
155.5,0.28661901669,0.070245306604,0.0011084861433
156.0,0.2860957585,0.06979825462,0.0010867318382
156.5,0.28557345455,0.06935404626,0.001065404462
157.0,0.28505210311,0.068912663454,0.0010444956365
157.5,0.28453170244,0.068474088249,0.0010239971476
158.0,0.28401225081,0.068038302802,0.0010039009428
158.5,0.2834937465,0.067605289388,0.00098419912722
159.0,0.28297618778,0.06717503039,0.00096488396118
159.5,0.28245957293,0.066747508306,0.00094594785679
160.0,0.28194390023,0.066322705743,0.00092738337507
160.5,0.28142916797,0.06590060542,0.00090918322303
161.0,0.28091537443,0.065481190164,0.0008913402508
161.5,0.28040251791,0.065064442911,0.0008738474488
162.0,0.27989059671,0.064650346706,0.00085669794502
162.5,0.27937960912,0.064238884702,0.00083988500232
163.0,0.27886955343,0.063830040157,0.00082340201574
163.5,0.27836042797,0.063423796438,0.00080724250997
164.0,0.27785223102,0.063020137014,0.00079140013675
164.5,0.27734496091,0.062619045462,0.0007758686724
165.0,0.27683861595,0.062220505461,0.00076064201539
165.5,0.27633319445,0.061824500795,0.00074571418391
166.0,0.27582869473,0.06143101535,0.00073107931356
166.5,0.27532511511,0.061040033115,0.000716731655
167.0,0.27482245392,0.060651538179,0.00070266557174
167.5,0.27432070949,0.060265514735,0.00068887553789
168.0,0.27381988015,0.059881947072,0.000675356136
168.5,0.27331996424,0.059500819582,0.00066210205493
169.0,0.27282096008,0.059122116756,0.0006491080878
169.5,0.27232286603,0.058745823181,0.00063636912986
170.0,0.27182568042,0.058371923543,0.00062388017659
170.5,0.27132940161,0.058000402627,0.00061163632164
171.0,0.27083402794,0.057631245312,0.00059963275497
171.5,0.27033955776,0.057264436574,0.00058786476093
172.0,0.26984598943,0.056899961483,0.0005763277164
172.5,0.2693533213,0.056537805207,0.000565017089
173.0,0.26886155175,0.056177953005,0.0005539284353
173.5,0.26837067913,0.055820390231,0.00054305739904
174.0,0.26788070182,0.055465102331,0.00053239970949
174.5,0.26739161817,0.055112074844,0.00052195117971
175.0,0.26690342657,0.054761293401,0.00051170770492
175.5,0.26641612539,0.054412743723,0.00050166526092
176.0,0.26592971301,0.054066411624,0.00049181990246
176.5,0.26544418782,0.053722283006,0.00048216776173
177.0,0.26495954819,0.053380343861,0.00047270504681
177.5,0.26447579252,0.053040580269,0.0004634280402
178.0,0.26399291919,0.052702978401,0.00045433309736
178.5,0.26351092661,0.052367524512,0.00044541664528
179.0,0.26302981316,0.052034204948,0.00043667518106
179.5,0.26254957725,0.051703006139,0.00042810527053
180.0,0.26207021728,0.051373914603,0.00041970354694
180.5,0.26159173166,0.051046916942,0.0004114667096
181.0,0.26111411879,0.050721999844,0.00040339152259
181.5,0.26063737708,0.050399150081,0.00039547481351
182.0,0.26016150495,0.050078354509,0.00038771347219
182.5,0.25968650082,0.049759600068,0.00038010444954
183.0,0.2592123631,0.049442873781,0.00037264475626
183.5,0.25873909022,0.049128162752,0.00036533146175
184.0,0.25826668061,0.048815454168,0.00035816169291
184.5,0.25779513269,0.048504735298,0.00035113263301
185.0,0.25732444489,0.048195993491,0.00034424152063
185.5,0.25685461565,0.047889216175,0.00033748564852
186.0,0.2563856434,0.04758439086,0.00033086236255
186.5,0.25591752659,0.047281505135,0.00032436906071
187.0,0.25545026366,0.046980546666,0.00031800319203
187.5,0.25498385305,0.046681503199,0.00031176225561
188.0,0.25451829321,0.046384362558,0.00030564379962
188.5,0.25405358259,0.046089112643,0.00029964542036
189.0,0.25358971965,0.045795741431,0.00029376476131
189.5,0.25312670284,0.045504236977,0.00028799951216
190.0,0.25266453063,0.04521458741,0.00028234740799
190.5,0.25220320147,0.044926780936,0.00027680622829
191.0,0.25174271383,0.044640805834,0.00027137379614
191.5,0.25128306617,0.044356650458,0.00026604797735
192.0,0.25082425698,0.044074303238,0.0002608266796
192.5,0.25036628471,0.043793752674,0.00025570785165
193.0,0.24990914786,0.043514987342,0.0002506894825
193.5,0.24945284489,0.04323799589,0.00024576960061
194.0,0.24899737429,0.042962767036,0.00024094627315
194.5,0.24854273455,0.042689289571,0.00023621760522
195.0,0.24808892414,0.04241755236,0.00023158173909
195.5,0.24763594157,0.042147544333,0.0002270368535
196.0,0.24718378531,0.041879254495,0.00022258116295
196.5,0.24673245388,0.041612671919,0.00021821291694
197.0,0.24628194576,0.041347785748,0.00021393039936
197.5,0.24583225947,0.041084585192,0.00020973192776
198.0,0.24538339349,0.040823059533,0.00020561585271
198.5,0.24493534634,0.040563198118,0.00020158055716
199.0,0.24448811652,0.040304990364,0.0001976244558
199.5,0.24404170256,0.040048425753,0.00019374599439
200.0,0.24359610296,0.039793493836,0.00018994364925
200.5,0.24315131624,0.039540184228,0.00018621592657
201.0,0.24270734091,0.039288486611,0.00018256136185
201.5,0.24226417551,0.039038390735,0.00017897851935
202.0,0.24182181856,0.038789886411,0.0001754659915
202.5,0.24138026859,0.038542963517,0.00017202239836
203.0,0.24093952412,0.038297611995,0.00016864638705
203.5,0.24049958368,0.03805382185,0.00016533663126
204.0,0.24006044583,0.037811583154,0.0001620918307
204.5,0.23962210909,0.037570886036,0.00015891071062
205.0,0.239184572,0.037331720694,0.00015579202125
205.5,0.23874783311,0.037094077383,0.00015273453738
206.0,0.23831189097,0.036857946424,0.00014973705782
206.5,0.23787674412,0.036623318197,0.00014679840498
207.0,0.23744239111,0.036390183144,0.00014391742435
207.5,0.23700883051,0.036158531768,0.00014109298411
208.0,0.23657606086,0.035928354631,0.00013832397462
208.5,0.23614408073,0.035699642357,0.00013560930804
209.0,0.23571288868,0.035472385628,0.00013294791787
209.5,0.23528248328,0.035246575186,0.00013033875855
210.0,0.23485286308,0.035022201831,0.00012778080502
210.5,0.23442402667,0.034799256423,0.00012527305235
211.0,0.23399597261,0.034577729878,0.00012281451534
211.5,0.23356869948,0.034357613171,0.0001204042281
212.0,0.23314220586,0.034138897335,0.00011804124372
212.5,0.23271649033,0.033921573458,0.00011572463387
213.0,0.23229155146,0.033705632686,0.00011345348843
213.5,0.23186738786,0.033491066222,0.00011122691513
214.0,0.23144399809,0.033277865322,0.00010904403925
214.5,0.23102138076,0.033066021302,0.00010690400319
215.0,0.23059953446,0.032855525528,0.00010480596622
215.5,0.23017845779,0.032646369426,0.00010274910408
216.0,0.22975814933,0.032438544472,0.0001007326087
216.5,0.2293386077,0.0322320422,9.8755687879e-05
217.0,0.22891983149,0.032026854194,9.6817564939e-05
217.5,0.22850181932,0.031822972095,9.4917478461e-05
218.0,0.22808456979,0.031620387595,9.3054681966e-05
218.5,0.22766808151,0.03141909244,9.1228443624e-05
219.0,0.22725235309,0.031219078427,8.9438045966e-05
219.5,0.22683738316,0.031020337407,8.7682785606e-05
220.0,0.22642317033,0.03082286128,8.5961972961e-05
220.5,0.22600971321,0.030626642001,8.4274931981e-05
221.0,0.22559701045,0.030431671574,8.2620999884e-05
221.5,0.22518506065,0.030237942054,8.0999526897e-05
222.0,0.22477386245,0.030045445547,7.9409875995e-05
222.5,0.22436341448,0.029854174209,7.7851422659e-05
223.0,0.22395371538,0.029664120245,7.6323554625e-05
223.5,0.22354476378,0.029475275911,7.4825671642e-05
224.0,0.22313655831,0.029287633511,7.3357185244e-05
224.5,0.22272909762,0.029101185398,7.1917518511e-05
225.0,0.22232238036,0.028915923976,7.0506105845e-05
225.5,0.22191640517,0.028731841693,6.9122392749e-05
226.0,0.22151117069,0.028548931049,6.7765835608e-05
226.5,0.22110667558,0.028367184589,6.6435901476e-05
227.0,0.22070291849,0.028186594907,6.5132067865e-05
227.5,0.22029989807,0.028007154643,6.3853822543e-05
228.0,0.21989761299,0.027828856485,6.2600663329e-05
228.5,0.21949606191,0.027651693166,6.1372097898e-05
229.0,0.21909524349,0.027475657466,6.0167643588e-05
229.5,0.21869515638,0.027300742211,5.8986827207e-05
230.0,0.21829579927,0.027126940272,5.7829184852e-05
230.5,0.21789717083,0.026954244567,5.6694261723e-05
231.0,0.21749926971,0.026782648056,5.5581611946e-05
231.5,0.21710209461,0.026612143747,5.4490798398e-05
232.0,0.21670564419,0.026442724691,5.3421392533e-05
232.5,0.21630991714,0.026274383982,5.2372974218e-05
233.0,0.21591491214,0.026107114759,5.1345131563e-05
233.5,0.21552062788,0.025940910206,5.0337460761e-05
234.0,0.21512706303,0.025775763549,4.9349565933e-05
234.5,0.2147342163,0.025611668055,4.8381058967e-05
235.0,0.21434208636,0.025448617038,4.7431559367e-05
235.5,0.21395067193,0.025286603852,4.6500694107e-05
236.0,0.21355997169,0.025125621893,4.558809748e-05
236.5,0.21316998434,0.024965664599,4.4693410956e-05
237.0,0.21278070858,0.024806725453,4.3816283042e-05
237.5,0.21239214312,0.024648797974,4.2956369143e-05
238.0,0.21200428666,0.024491875726,4.2113331427e-05
238.5,0.21161713792,0.024335952313,4.1286838692e-05
239.0,0.21123069559,0.02418102138,4.0476566235e-05
239.5,0.21084495841,0.024027076612,3.9682195727e-05
240.0,0.21045992507,0.023874111733,3.8903415086e-05
240.5,0.2100755943,0.023722120509,3.8139918353e-05
241.0,0.20969196482,0.023571096744,3.7391405576e-05
241.5,0.20930903535,0.023421034283,3.6657582688e-05
242.0,0.20892680462,0.023271927008,3.5938161394e-05
242.5,0.20854527135,0.023123768842,3.5232859057e-05
243.0,0.20816443427,0.022976553746,3.4541398586e-05
243.5,0.20778429211,0.022830275719,3.3863508328e-05
244.0,0.20740484361,0.022684928797,3.3198921963e-05
244.5,0.20702608751,0.022540507057,3.2547378395e-05
245.0,0.20664802254,0.022397004611,3.1908621655e-05
245.5,0.20627064744,0.02225441561,3.1282400796e-05
246.0,0.20589396095,0.02211273424,3.0668469795e-05
246.5,0.20551796183,0.021971954727,3.0066587459e-05
247.0,0.20514264882,0.021832071332,2.9476517327e-05
247.5,0.20476802067,0.021693078353,2.8898027581e-05
248.0,0.20439407613,0.021554970123,2.8330890949e-05
248.5,0.20402081395,0.021417741012,2.7774884623e-05
249.0,0.2036482329,0.021281385427,2.7229790165e-05
249.5,0.20327633173,0.021145897809,2.6695393426e-05
250.0,0.2029051092,0.021011272634,2.6171484457e-05
250.5,0.20253456408,0.020877504414,2.5657857433e-05
251.0,0.20216469513,0.020744587697,2.5154310564e-05
251.5,0.20179550113,0.020612517063,2.4660646025e-05
252.0,0.20142698083,0.020481287128,2.4176669869e-05
252.5,0.20105913301,0.020350892543,2.3702191959e-05
253.0,0.20069195646,0.020221327992,2.3237025887e-05
253.5,0.20032544993,0.020092588193,2.2780988904e-05
254.0,0.19995961223,0.019964667897,2.2333901848e-05
254.5,0.19959444211,0.019837561889,2.1895589073e-05
255.0,0.19922993838,0.019711264988,2.1465878379e-05
255.5,0.19886609981,0.019585772044,2.1044600948e-05
256.0,0.19850292519,0.019461077941,2.0631591272e-05
256.5,0.19814041332,0.019337177596,2.0226687094e-05
257.0,0.19777856298,0.019214065958,1.9829729339e-05
257.5,0.19741737297,0.019091738006,1.9440562056e-05
258.0,0.19705684208,0.018970188754,1.9059032352e-05
258.5,0.19669696913,0.018849413247,1.8684990338e-05
259.0,0.19633775289,0.01872940656,1.8318289064e-05
259.5,0.19597919219,0.018610163801,1.7958784465e-05
260.0,0.19562128583,0.018491680108,1.7606335303e-05
260.5,0.19526403261,0.01837395065,1.7260803112e-05
261.0,0.19490743134,0.018256970628,1.6922052143e-05
261.5,0.19455148083,0.018140735271,1.6589949312e-05
262.0,0.19419617991,0.018025239842,1.6264364147e-05
262.5,0.19384152738,0.017910479631,1.5945168735e-05
263.0,0.19348752206,0.017796449958,1.5632237674e-05
263.5,0.19313416278,0.017683146176,1.5325448024e-05
264.0,0.19278144835,0.017570563664,1.5024679258e-05
264.5,0.19242937761,0.017458697832,1.4729813212e-05
265.0,0.19207794938,0.017347544118,1.4440734043e-05
265.5,0.19172716248,0.017237097992,1.4157328181e-05
266.0,0.19137701576,0.017127354949,1.3879484285e-05
266.5,0.19102750804,0.017018310516,1.3607093199e-05
267.0,0.19067863815,0.016909960245,1.334004791e-05
267.5,0.19033040495,0.016802299719,1.3078243503e-05
268.0,0.18998280725,0.016695324549,1.2821577124e-05
268.5,0.18963584392,0.016589030372,1.2569947936e-05
269.0,0.18928951379,0.016483412855,1.2323257084e-05
269.5,0.18894381571,0.016378467691,1.2081407649e-05
270.0,0.18859874852,0.0162741906,1.1844304617e-05
270.5,0.18825431108,0.016170577332,1.1611854838e-05
271.0,0.18791050223,0.016067623661,1.1383966989e-05
271.5,0.18756732085,0.01596532539,1.1160551541e-05
272.0,0.18722476577,0.015863678346,1.094152072e-05
272.5,0.18688283585,0.015762678386,1.0726788477e-05
273.0,0.18654152997,0.01566232139,1.051627045e-05
273.5,0.18620084698,0.015562603268,1.0309883933e-05
274.0,0.18586078574,0.015463519952,1.0107547843e-05
274.5,0.18552134513,0.015365067403,9.9091826894e-06
275.0,0.18518252401,0.015267241605,9.7147105403e-06
275.5,0.18484432126,0.015170038571,9.5240549939e-06
276.0,0.18450673574,0.015073454335,9.3371411478e-06
276.5,0.18416976633,0.014977484961,9.1538955692e-06
277.0,0.18383341191,0.014882126534,8.9742462669e-06
277.5,0.18349767136,0.014787375166,8.7981226624e-06
278.0,0.18316254355,0.014693226993,8.6254555623e-06
278.5,0.18282802738,0.014599678177,8.456177131e-06
279.0,0.18249412173,0.014506724902,8.2902208646e-06
279.5,0.18216082548,0.014414363378,8.127521564e-06
280.0,0.18182813752,0.014322589839,7.9680153098e-06
280.5,0.18149605675,0.014231400541,7.8116394372e-06
281.0,0.18116458206,0.014140791768,7.6583325109e-06
281.5,0.18083371234,0.014050759823,7.5080343016e-06
282.0,0.1805034465,0.013961301036,7.3606857618e-06
282.5,0.18017378342,0.013872411758,7.216229003e-06
283.0,0.17984472202,0.013784088365,7.0746072726e-06
283.5,0.17951626119,0.013696327254,6.9357649321e-06
284.0,0.17918839984,0.013609124847,6.7996474345e-06
284.5,0.17886113689,0.013522477588,6.6662013038e-06
285.0,0.17853447123,0.013436381944,6.535374113e-06
285.5,0.17820840177,0.013350834403,6.4071144643e-06
286.0,0.17788292744,0.013265831476,6.2813719686e-06
286.5,0.17755804715,0.013181369698,6.1580972257e-06
287.0,0.17723375981,0.013097445623,6.0372418047e-06
287.5,0.17691006435,0.01301405583,5.9187582255e-06
288.0,0.17658695968,0.012931196917,5.8025999396e-06
288.5,0.17626444473,0.012848865507,5.688721312e-06
289.0,0.17594251842,0.01276705824,5.5770776034e-06
289.5,0.17562117969,0.012685771781,5.4676249526e-06
290.0,0.17530042745,0.012605002815,5.3603203592e-06
290.5,0.17498026064,0.012524748048,5.2551216664e-06
291.0,0.1746606782,0.012445004207,5.1519875451e-06
291.5,0.17434167905,0.012365768039,5.050877477e-06
292.0,0.17402326214,0.012287036315,4.9517517393e-06
292.5,0.17370542641,0.012208805822,4.8545713886e-06
293.0,0.17338817078,0.01213107337,4.7592982459e-06
293.5,0.17307149422,0.01205383579,4.6658948812e-06
294.0,0.17275539565,0.011977089931,4.5743245995e-06
294.5,0.17243987404,0.011900832663,4.4845514255e-06
295.0,0.17212492832,0.011825060876,4.3965400903e-06
295.5,0.17181055744,0.01174977148,4.310256017e-06
296.0,0.17149676037,0.011674961406,4.2256653073e-06
296.5,0.17118353604,0.0116006276,4.1427347282e-06
297.0,0.17087088343,0.011526767033,4.0614316989e-06
297.5,0.17055880148,0.011453376691,3.981724278e-06
298.0,0.17024728915,0.011380453582,3.9035811509e-06
298.5,0.16993634542,0.011307994731,3.8269716178e-06
299.0,0.16962596923,0.011235997184,3.7518655811e-06
299.5,0.16931615957,0.011164458003,3.6782335341e-06
300.0,0.16900691538,0.011093374272,3.606046549e-06
300.5,0.16869823565,0.011022743091,3.5352762658e-06
301.0,0.16839011934,0.01095256158,3.4658948812e-06
301.5,0.16808256543,0.010882826876,3.3978751374e-06
302.0,0.16777557289,0.010813536135,3.3311903116e-06
302.5,0.1674691407,0.010744686531,3.2658142054e-06
303.0,0.16716326784,0.010676275256,3.2017211345e-06
303.5,0.16685795328,0.01060829952,3.138885919e-06
304.0,0.16655319602,0.01054075655,3.0772838728e-06
304.5,0.16624899502,0.010473643593,3.0168907943e-06
305.0,0.16594534929,0.010406957909,2.9576829571e-06
305.5,0.1656422578,0.010340696781,2.8996371003e-06
306.0,0.16533971955,0.010274857504,2.8427304194e-06
306.5,0.16503773353,0.010209437394,2.7869405577e-06
307.0,0.16473629873,0.010144433783,2.7322455971e-06
307.5,0.16443541414,0.01007984402,2.6786240496e-06
308.0,0.16413507877,0.010015665469,2.6260548491e-06
308.5,0.16383529161,0.0099518955136,2.5745173427e-06
309.0,0.16353605167,0.0098885315527,2.523991283e-06
309.5,0.16323735794,0.0098255710019,2.4744568199e-06
310.0,0.16293920943,0.0097630112932,2.4258944929e-06
310.5,0.16264160514,0.0097008498749,2.3782852234e-06
311.0,0.16234454409,0.0096390842118,2.3316103071e-06
311.5,0.16204802528,0.0095777117845,2.285851407e-06
312.0,0.16175204772,0.0095167300899,2.2409905459e-06
312.5,0.16145661043,0.0094561366407,2.1970100993e-06
313.0,0.16116171242,0.0093959289654,2.1538927888e-06
313.5,0.16086735272,0.0093361046083,2.1116216748e-06
314.0,0.16057353033,0.0092766611294,2.0701801504e-06
314.5,0.16028024428,0.009217596104,2.0295519345e-06
315.0,0.15998749359,0.009158907123,1.9897210655e-06
315.5,0.15969527728,0.0091005917927,1.9506718953e-06
316.0,0.15940359438,0.0090426477344,1.9123890827e-06
316.5,0.15911244392,0.0089850725847,1.8748575874e-06
317.0,0.15882182493,0.0089278639953,1.8380626645e-06
317.5,0.15853173644,0.0088710196327,1.8019898585e-06
318.0,0.15824217747,0.0088145371782,1.7666249976e-06
318.5,0.15795314708,0.0087584143282,1.7319541879e-06
319.0,0.15766464428,0.0087026487933,1.6979638084e-06
319.5,0.15737666812,0.008647238299,1.6646405055e-06
320.0,0.15708921764,0.0085921805851,1.6319711873e-06
320.5,0.15680229189,0.008537473406,1.5999430192e-06
321.0,0.15651588989,0.00848311453,1.5685434182e-06
321.5,0.15623001071,0.0084291017401,1.5377600485e-06
322.0,0.15594465338,0.008375432833,1.5075808162e-06
322.5,0.15565981696,0.0083221056196,1.477993865e-06
323.0,0.15537550049,0.0082691179248,1.448987571e-06
323.5,0.15509170303,0.0082164675872,1.4205505385e-06
324.0,0.15480842362,0.0081641524591,1.3926715955e-06
324.5,0.15452566134,0.0081121704068,1.3653397894e-06
325.0,0.15424341523,0.0080605193097,1.3385443822e-06
325.5,0.15396168434,0.0080091970612,1.3122748469e-06
326.0,0.15368046775,0.0079582015677,1.2865208631e-06
326.5,0.15339976452,0.0079075307491,1.2612723127e-06
327.0,0.1531195737,0.0078571825387,1.2365192766e-06
327.5,0.15283989437,0.0078071548825,1.2122520299e-06
328.0,0.15256072559,0.0077574457401,1.1884610387e-06
328.5,0.15228206643,0.0077080530837,1.1651369565e-06
329.0,0.15200391596,0.0076589748985,1.1422706199e-06
329.5,0.15172627326,0.0076102091827,1.1198530454e-06
330.0,0.15144913739,0.0075617539471,1.0978754259e-06
330.5,0.15117250744,0.0075136072151,1.076329127e-06
331.0,0.15089638248,0.0074657670227,1.0552056839e-06
331.5,0.15062076159,0.0074182314186,1.0344967979e-06
332.0,0.15034564385,0.0073709984636,1.0141943331e-06
332.5,0.15007102834,0.0073240662311,9.9429031329e-07
333.0,0.14979691415,0.0072774328067,9.7477691884e-07
333.5,0.14952330037,0.0072310962882,9.5564648347e-07
334.0,0.14925018607,0.0071850547853,9.3689149152e-07
334.5,0.14897757036,0.00713930642,9.1850457473e-07
335.0,0.14870545232,0.0070938493261,9.0047850947e-07
335.5,0.14843383105,0.0070486816494,8.8280621385e-07
336.0,0.14816270563,0.0070038015473,8.6548074497e-07
336.5,0.14789207516,0.0069592071892,8.4849529619e-07
337.0,0.14762193875,0.0069148967559,8.3184319445e-07
337.5,0.14735229549,0.00687086844,8.1551789769e-07
338.0,0.14708314448,0.0068271204454,7.995129922e-07
338.5,0.14681448482,0.0067836509875,7.8382219021e-07
339.0,0.14654631562,0.0067404582932,7.6843932723e-07
339.5,0.14627863598,0.0066975406004,7.5335835991e-07
340.0,0.14601144502,0.0066548961585,7.3857336331e-07
340.5,0.14574474183,0.0066125232279,7.2407852891e-07
341.0,0.14547852553,0.0065704200801,7.0986816216e-07
341.5,0.14521279524,0.0065285849976,6.9593668024e-07
342.0,0.14494755006,0.0064870162738,6.8227860993e-07
342.5,0.14468278911,0.006445712213,6.6888858537e-07
343.0,0.14441851151,0.0064046711303,6.5576134608e-07
343.5,0.14415471637,0.0063638913515,6.4289173475e-07
344.0,0.14389140283,0.0063233712131,6.3027469533e-07
344.5,0.14362856999,0.0062831090621,6.1790527101e-07
345.0,0.14336621698,0.0062431032561,6.0577860218e-07
345.5,0.14310434293,0.0062033521632,5.9388992467e-07
346.0,0.14284294696,0.0061638541617,5.8223456782e-07
346.5,0.14258202821,0.0061246076404,5.7080795261e-07
347.0,0.14232158579,0.0060856109983,5.5960558984e-07
347.5,0.14206161885,0.0060468626445,5.4862307849e-07
348.0,0.14180212652,0.0060083609985,5.3785610381e-07
348.5,0.14154310792,0.0059701044895,5.2730043592e-07
349.0,0.1412845622,0.0059320915569,5.1695192773e-07
349.5,0.14102648849,0.0058943206501,5.0680651363e-07
350.0,0.14076888594,0.0058567902282,4.9686020789e-07
350.5,0.14051175368,0.0058194987602,4.8710910282e-07
351.0,0.14025509085,0.0057824447248,4.7754936759e-07
351.5,0.13999889661,0.0057456266104,4.6817724647e-07
352.0,0.13974317009,0.0057090429151,4.5898905742e-07
352.5,0.13948791044,0.0056726921465,4.499811907e-07
353.0,0.13923311681,0.0056365728216,4.4115010746e-07
353.5,0.13897878835,0.005600683467,4.3249233821e-07
354.0,0.13872492422,0.0055650226186,4.2400448157e-07
354.5,0.13847152356,0.0055295888216,4.1568320288e-07
355.0,0.13821858553,0.0054943806306,4.0752523303e-07
355.5,0.13796610929,0.0054593966091,3.9952736702e-07
356.0,0.13771409399,0.0054246353301,3.9168646274e-07
356.5,0.1374625388,0.0053900953755,3.8399943973e-07
357.0,0.13721144287,0.0053557753362,3.7646327799e-07
357.5,0.13696080537,0.0053216738121,3.6907501688e-07
358.0,0.13671062546,0.0052877894121,3.6183175365e-07
358.5,0.1364609023,0.0052541207538,3.5473064275e-07
359.0,0.13621163507,0.0052206664637,3.4776889433e-07
359.5,0.13596282293,0.005187425177,3.4094377333e-07
360.0,0.13571446505,0.0051543955378,3.3425259843e-07
360.5,0.13546656061,0.0051215761984,3.2769274088e-07
361.0,0.13521910877,0.0050889658201,3.2126162347e-07
361.5,0.13497210871,0.0050565630724,3.1495671958e-07
362.0,0.13472555961,0.0050243666335,3.0877555227e-07
362.5,0.13447946064,0.0049923751899,3.0271569317e-07
363.0,0.13423381099,0.0049605874365,2.9677476152e-07
363.5,0.13398860983,0.0049290020765,2.9095042335e-07
364.0,0.13374385634,0.0048976178214,2.8524039046e-07
364.5,0.13349954972,0.0048664333908,2.7964241949e-07
365.0,0.13325568914,0.0048354475124,2.7415431121e-07
365.5,0.13301227379,0.0048046589223,2.6877390958e-07
366.0,0.13276930286,0.0047740663644,2.6349910072e-07
366.5,0.13252677553,0.0047436685905,2.5832781235e-07
367.0,0.13228469101,0.0047134643607,2.5325801283e-07
367.5,0.13204304847,0.0046834524426,2.4828771044e-07
368.0,0.13180184712,0.0046536316119,2.4341495242e-07
368.5,0.13156108616,0.0046240006521,2.3863782449e-07
369.0,0.13132076477,0.0045945583542,2.3395444982e-07
369.5,0.13108088215,0.0045653035172,2.2936298848e-07
370.0,0.13084143751,0.0045362349476,2.2486163666e-07
370.5,0.13060243004,0.0045073514594,2.204486259e-07
371.0,0.13036385896,0.0044786518744,2.1612222249e-07
371.5,0.13012572346,0.0044501350216,2.1188072662e-07
372.0,0.12988802274,0.0044217997377,2.0772247208e-07
372.5,0.12965075602,0.0043936448667,2.0364582515e-07
373.0,0.12941392251,0.00436566926,1.9964918427e-07
373.5,0.1291775214,0.0043378717762,1.9573097922e-07
374.0,0.12894155193,0.0043102512814,1.918896707e-07
374.5,0.12870601329,0.0042828066486,1.8812374962e-07
375.0,0.1284709047,0.0042555367582,1.8443173643e-07
375.5,0.12823622538,0.0042284404978,1.8081218067e-07
376.0,0.12800197454,0.0042015167618,1.7726366026e-07
376.5,0.1277681514,0.0041747644518,1.7378478121e-07
377.0,0.12753475519,0.0041481824764,1.703741767e-07
377.5,0.12730178512,0.0041217697512,1.6703050682e-07
378.0,0.12706924042,0.0040955251985,1.6375245797e-07
378.5,0.12683712031,0.0040694477478,1.6053874237e-07
379.0,0.12660542401,0.004043536335,1.5738809738e-07
379.5,0.12637415076,0.004017789903,1.5429928515e-07
380.0,0.12614329978,0.0039922074016,1.5127109225e-07
380.5,0.12591287029,0.0039667877869,1.4830232906e-07
381.0,0.12568286155,0.003941530022,1.4539182913e-07
381.5,0.12545327276,0.0039164330763,1.4253844911e-07
382.0,0.12522410317,0.0038914959259,1.3974106794e-07
382.5,0.12499535202,0.0038667175536,1.3699858659e-07
383.0,0.12476701854,0.0038420969483,1.3430992769e-07
383.5,0.12453910197,0.0038176331057,1.3167403494e-07
384.0,0.12431160154,0.0037933250276,1.2908987281e-07
384.5,0.12408451651,0.0037691717224,1.2655642603e-07
385.0,0.1238578461,0.0037451722046,1.2407269921e-07
385.5,0.12363158957,0.003721325495,1.2163771668e-07
386.0,0.12340574616,0.0036976306209,1.1925052179e-07
386.5,0.12318031512,0.0036740866155,1.1691017663e-07
387.0,0.12295529569,0.0036506925182,1.1461576184e-07
387.5,0.12273068712,0.0036274473747,1.1236637592e-07
388.0,0.12250648867,0.0036043502365,1.1016113522e-07
388.5,0.12228269958,0.0035814001613,1.0799917341e-07
389.0,0.12205931911,0.0035585962129,1.0587964103e-07
389.5,0.12183634652,0.0035359374608,1.0380170543e-07
390.0,0.12161378105,0.0035134229806,1.0176455028e-07
390.5,0.12139162197,0.0034910518537,9.976737523e-08
391.0,0.12116986854,0.0034688231675,9.7809395585e-08
391.5,0.12094852001,0.0034467360151,9.588984218e-08
392.0,0.12072757565,0.0034247894953,9.4007960863e-08
392.5,0.12050703472,0.0034029827127,9.2163012313e-08
393.0,0.12028689648,0.0033813147777,9.0354271778e-08
393.5,0.1200671602,0.0033597848062,8.8581028537e-08
394.0,0.11984782514,0.0033383919199,8.6842585992e-08
394.5,0.11962889058,0.0033171352459,8.5138261222e-08
395.0,0.11941035578,0.003296013917,8.346738454e-08
395.5,0.11919222002,0.0032750270715,8.1829299584e-08
396.0,0.11897448256,0.0032541738531,8.0223362778e-08
396.5,0.11875714268,0.0032334534111,7.8648943161e-08
397.0,0.11854019965,0.0032128649,7.7105422294e-08
397.5,0.11832365275,0.0031924074799,7.559219373e-08
398.0,0.11810750126,0.0031720803162,7.410866292e-08
398.5,0.11789174446,0.0031518825795,7.2654247044e-08
399.0,0.11767638162,0.0031318134458,7.1228374735e-08
399.5,0.11746141203,0.0031118720962,6.9830485819e-08
400.0,0.11724683496,0.0030920577172,6.8460031136e-08
400.5,0.11703264972,0.0030723695004,6.7116472272e-08
401.0,0.11681885556,0.0030528066425,6.5799281293e-08
401.5,0.1166054518,0.0030333683453,6.4507940836e-08
402.0,0.11639243771,0.0030140538159,6.3241943485e-08
402.5,0.11617981258,0.0029948622661,6.2000791859e-08
403.0,0.1159675757,0.002975792913,6.0783998438e-08
403.5,0.11575572636,0.0029568449785,5.9591085114e-08
404.0,0.11554426387,0.0029380176896,5.8421583285e-08
404.5,0.1153331875,0.0029193102781,5.7275033408e-08
405.0,0.11512249656,0.0029007219809,5.6150985087e-08
405.5,0.11491219034,0.0028822520394,5.504899672e-08
406.0,0.11470226815,0.0028638997002,5.3968635408e-08
406.5,0.11449272928,0.0028456642145,5.2909476692e-08
407.0,0.11428357302,0.0028275448382,5.187110437e-08
407.5,0.1140747987,0.0028095408321,5.0853110592e-08
408.0,0.1138664056,0.0027916514616,4.9855095411e-08
408.5,0.11365839303,0.002773875997,4.8876666695e-08
409.0,0.11345076029,0.0027562137128,4.791744013e-08
409.5,0.1132435067,0.0027386638886,4.6977038773e-08
410.0,0.11303663157,0.0027212258082,4.6055093231e-08
410.5,0.11283013419,0.0027038987603,4.5151241304e-08
411.0,0.11262401389,0.0026866820378,4.42651279e-08
411.5,0.11241826997,0.0026695749383,4.339640485e-08
412.0,0.11221290175,0.002652576764,4.2544730919e-08
412.5,0.11200790855,0.0026356868211,4.170977144e-08
413.0,0.11180328967,0.0026189044207,4.0891198408e-08
413.5,0.11159904443,0.002602228878,4.0088690215e-08
414.0,0.11139517216,0.0025856595126,3.9301931646e-08
414.5,0.11119167218,0.0025691956486,3.8530613525e-08
415.0,0.11098854379,0.0025528366141,3.7774432896e-08
415.5,0.11078578634,0.0025365817417,3.7033092662e-08
416.0,0.11058339913,0.0025204303683,3.6306301591e-08
416.5,0.11038138149,0.0025043818349,3.5593774131e-08
417.0,0.11017973276,0.0024884354866,3.4895230331e-08
417.5,0.10997845225,0.0024725906728,3.4210395742e-08
418.0,0.10977753929,0.0024568467472,3.3539001335e-08
418.5,0.10957699322,0.0024412030673,3.2880783322e-08
419.0,0.10937681337,0.0024256589948,3.2235483153e-08
419.5,0.10917699905,0.0024102138956,3.1602847254e-08
420.0,0.10897754962,0.0023948671394,3.0982627201e-08
420.5,0.1087784644,0.0023796181002,3.0374579189e-08
421.0,0.10857974273,0.0023644661558,2.9778464387e-08
421.5,0.10838138395,0.0023494106879,2.9194048671e-08
422.0,0.10818338739,0.0023344510823,2.8621102358e-08
422.5,0.10798575239,0.0023195867286,2.8059400385e-08
423.0,0.10778847829,0.0023048170204,2.7508722037e-08
423.5,0.10759156444,0.002290141355,2.6968850956e-08
424.0,0.10739501018,0.0022755591337,2.6439575133e-08
424.5,0.10719881485,0.0022610697615,2.5920686557e-08
425.0,0.10700297779,0.0022466726471,2.541198139e-08
425.5,0.10680749835,0.0022323672034,2.4913259792e-08
426.0,0.10661237589,0.0022181528464,2.4424325832e-08
426.5,0.10641760974,0.0022040289963,2.3944987486e-08
427.0,0.10622319926,0.0021899950769,2.3475056369e-08
427.5,0.1060291438,0.0021760505154,2.3014347832e-08
428.0,0.10583544271,0.0021621947431,2.2562680861e-08
428.5,0.10564209534,0.0021484271944,2.2119878089e-08
429.0,0.10544910106,0.0021347473078,2.1685765521e-08
429.5,0.10525645921,0.0021211545251,2.1260172627e-08
430.0,0.10506416915,0.0021076482916,2.0842932162e-08
430.5,0.10487223024,0.0020942280563,2.0433880259e-08
431.0,0.10468064184,0.0020808932717,2.0032856156e-08
431.5,0.10448940331,0.0020676433936,1.963970238e-08
432.0,0.10429851402,0.0020544778815,1.9254264387e-08
432.5,0.10410797331,0.0020413961982,1.8876390746e-08
433.0,0.10391778057,0.0020283978099,1.8505933127e-08
433.5,0.10372793515,0.0020154821863,1.8142745871e-08
434.0,0.10353843641,0.0020026488004,1.7786686335e-08
434.5,0.10334928374,0.0019898971287,1.7437614632e-08
435.0,0.10316047648,0.0019772266507,1.7095393626e-08
435.5,0.10297201403,0.0019646368497,1.6759888848e-08
436.0,0.10278389574,0.0019521272117,1.6430968492e-08
436.5,0.10259612098,0.0019396972266,1.6108503327e-08
437.0,0.10240868914,0.0019273463871,1.5792366701e-08
437.5,0.10222159958,0.0019150741892,1.5482434357e-08
438.0,0.10203485169,0.0019028801323,1.5178584614e-08
438.5,0.10184844483,0.0018907637188,1.4880698102e-08
439.0,0.10166237838,0.0018787244544,1.4588657668e-08
439.5,0.10147665173,0.0018667618477,1.4302348738e-08
440.0,0.10129126425,0.0018548754109,1.4021658692e-08
440.5,0.10110621533,0.0018430646588,1.3746477305e-08
441.0,0.10092150434,0.0018313291095,1.3476696488e-08
441.5,0.10073713068,0.0018196682843,1.3212210279e-08
442.0,0.10055309371,0.0018080817074,1.2952914674e-08
442.5,0.10036939284,0.001796568906,1.2698707887e-08
443.0,0.10018602745,0.0017851294103,1.2449489998e-08
443.5,0.10000299692,0.0017737627536,1.220516313e-08
444.0,0.09982030064,0.0017624684722,1.1965631273e-08
444.5,0.099637938007,0.0017512461052,1.1730800366e-08
445.0,0.099455908409,0.0017400951947,1.1500578128e-08
445.5,0.099274211237,0.0017290152858,1.1274874142e-08
446.0,0.099092845886,0.0017180059263,1.105359968e-08
446.5,0.09891181175,0.0017070666672,1.0836667788e-08
447.0,0.098731108224,0.0016961970619,1.062399329e-08
447.5,0.098550734706,0.0016853966671,1.041549261e-08
448.0,0.098370690592,0.001674665042,1.0211083856e-08
448.5,0.098190975282,0.0016640017488,1.0010686737e-08
449.0,0.098011588176,0.0016534063524,9.8142224723e-09
449.5,0.097832528674,0.0016428784205,9.6216139677e-09
450.0,0.09765379618,0.0016324175236,9.4327854615e-09
450.5,0.097475390095,0.0016220232348,9.2476627909e-09
451.0,0.097297309826,0.0016116951299,9.066173214e-09
451.5,0.097119554776,0.0016014327877,8.888245499e-09
452.0,0.096942124352,0.0015912357893,8.7138096573e-09
452.5,0.096765017963,0.0015811037188,8.5427972105e-09
453.0,0.096588235017,0.0015710361627,8.3751410122e-09
453.5,0.096411774922,0.0015610327102,8.2107750708e-09
454.0,0.096235637091,0.0015510929531,8.0496349046e-09
454.5,0.096059820936,0.001541216486,7.8916571863e-09
455.0,0.095884325868,0.0015314029059,7.7367798325e-09
455.5,0.095709151302,0.0015216518122,7.5849420915e-09
456.0,0.095534296654,0.0015119628072,7.4360841891e-09
456.5,0.095359761339,0.0015023354955,7.290147683e-09
457.0,0.095185544775,0.0014927694844,7.1470752858e-09
457.5,0.09501164638,0.0014832643834,7.006810687e-09
458.0,0.094838065572,0.0014738198048,6.8692989083e-09
458.5,0.094664801774,0.0014644353632,6.7344858596e-09
459.0,0.094491854406,0.0014551106757,6.6023185168e-09
459.5,0.09431922289,0.0014458453618,6.4727450101e-09
460.0,0.094146906651,0.0014366390435,6.3457144471e-09
460.5,0.093974905112,0.0014274913452,6.221176912e-09
461.0,0.0938032177,0.0014184018936,6.099083555e-09
461.5,0.093631843841,0.0014093703178,5.9793863257e-09
462.0,0.093460782964,0.0014003962494,5.8620381507e-09
462.5,0.093290034496,0.0013914793221,5.7469930222e-09
463.0,0.093119597867,0.0013826191721,5.6342057321e-09
463.5,0.092949472509,0.001373815438,5.5236318714e-09
464.0,0.092779657854,0.0013650677604,5.4152280969e-09
464.5,0.092610153334,0.0013563757826,5.3089517762e-09
465.0,0.092440958384,0.0013477391498,5.2047611666e-09
465.5,0.092272072438,0.0013391575096,5.10261541e-09
466.0,0.092103494932,0.0013306305119,5.0024742721e-09
466.5,0.091935225304,0.0013221578087,4.9042984952e-09
467.0,0.091767262992,0.0013137390544,4.8080494437e-09
467.5,0.091599607434,0.0013053739055,4.7136892812e-09
468.0,0.091432258071,0.0012970620205,4.6211809706e-09
468.5,0.091265214345,0.0012888030605,4.5304881855e-09
469.0,0.091098475697,0.0012805966884,4.4415753098e-09
469.5,0.09093204157,0.0012724425693,4.3544074382e-09
470.0,0.090765911409,0.0012643403705,4.2689501982e-09
470.5,0.090600084659,0.0012562897615,4.1851701054e-09
471.0,0.090434560766,0.0012482904138,4.1030342972e-09
471.5,0.090269339178,0.001240342001,4.0225104441e-09
472.0,0.090104419342,0.0012324441987,3.9435668379e-09
472.5,0.089939800709,0.0012245966848,3.8661725701e-09
473.0,0.089775482728,0.0012167991389,3.7902971761e-09
473.5,0.08961146485,0.001209051243,3.7159109021e-09
474.0,0.089447746528,0.0012013526809,3.6429844381e-09
474.5,0.089284327215,0.0011937031386,3.5714891864e-09
475.0,0.089121206366,0.0011861023038,3.5013970789e-09
475.5,0.088958383435,0.0011785498664,3.432680582e-09
476.0,0.088795857879,0.0011710455183,3.3653126952e-09
476.5,0.088633629155,0.0011635889533,3.2992669506e-09
477.0,0.088471696722,0.0011561798672,3.2345173248e-09
477.5,0.088310060038,0.0011488179575,3.1710385045e-09
478.0,0.088148718564,0.001141502924,3.1088054432e-09
478.5,0.087987671761,0.0011342344682,3.047793716e-09
479.0,0.087826919092,0.0011270122935,2.9879794308e-09
479.5,0.087666460018,0.0011198361051,2.9293389622e-09
480.0,0.087506294005,0.0011127056104,2.8718493951e-09
480.5,0.087346420518,0.0011056205183,2.815488081e-09
481.0,0.087186839022,0.0010985805398,2.7602329041e-09
481.5,0.087027548985,0.0010915853876,2.7060621043e-09
482.0,0.086868549875,0.0010846347763,2.6529544539e-09
482.5,0.086709841161,0.0010777284223,2.600888992e-09
483.0,0.086551422312,0.0010708660437,2.5498453793e-09
483.5,0.0863932928,0.0010640473607,2.4998035429e-09
484.0,0.086235452096,0.0010572720949,2.4507437653e-09
484.5,0.086077899674,0.0010505399699,2.4026467749e-09
485.0,0.085920635008,0.001043850711,2.3554937402e-09
485.5,0.085763657571,0.0010372040453,2.3092660986e-09
486.0,0.08560696684,0.0010305997016,2.2639457311e-09
486.5,0.085450562291,0.0010240374103,2.2195147854e-09
487.0,0.085294443403,0.0010175169039,2.175955766e-09
487.5,0.085138609653,0.001011037916,2.1332516182e-09
488.0,0.084983060522,0.0010046001825,2.0913855571e-09
488.5,0.084827795489,0.00099820344069,2.0503411496e-09
489.0,0.084672814037,0.00099184742947,2.0101023197e-09
489.5,0.084518115647,0.00098553188953,1.9706531691e-09
490.0,0.084363699803,0.00097925656319,1.9319782434e-09
490.5,0.08420956599,0.00097302119439,1.894062266e-09
491.0,0.084055713692,0.00096682552872,1.8568904043e-09
491.5,0.083902142395,0.00096066931336,1.8204480921e-09
492.0,0.083748851587,0.00095455229712,1.7847209411e-09
492.5,0.083595840756,0.00094847423042,1.7496950068e-09
493.0,0.083443109391,0.00094243486525,1.7153564336e-09
493.5,0.083290656981,0.00093643395518,1.68169181e-09
494.0,0.083138483017,0.00093047125536,1.6486878134e-09
494.5,0.082986586992,0.00092454652249,1.6163315652e-09
495.0,0.082834968397,0.00091865951482,1.5846103645e-09
495.5,0.082683626727,0.00091280999214,1.5535116879e-09
496.0,0.082532561476,0.00090699771578,1.5230232802e-09
496.5,0.08238177214,0.00090122244858,1.4931332382e-09
497.0,0.082231258214,0.00089548395488,1.4638298379e-09
497.5,0.082081019196,0.00088978200054,1.4351015329e-09
498.0,0.081931054584,0.00088411635291,1.4069370435e-09
498.5,0.081781363878,0.00087848678079,1.3793252673e-09
499.0,0.081631946577,0.00087289305449,1.3522553687e-09
499.5,0.081482802183,0.00086733494577,1.3257167782e-09
500.0,0.081333930197,0.00086181222783,1.2996990154e-09
500.5,0.081185330121,0.00085632467534,1.2741918663e-09
